{"cameraMode":{"drawMode":0,"name":"Shaded","section":"Shading Mode"},"sceneLighting":true,"audioPlay":false,"sceneViewState":{"showFog":true,"showMaterialUpdate":false,"showSkybox":true,"showFlares":true,"showImageEffects":true,"showParticleSystems":true},"in2DMode":false,"pivot":{"x":-21.363277435302736,"y":57.571414947509769,"z":222.6993408203125},"rotation":{"x":-0.03448757156729698,"y":-0.01798832044005394,"z":-0.0006208435515873134,"w":0.9992431402206421},"size":309.103759765625,"orthographic":false}