{"cameraMode":{"drawMode":0,"name":"Shaded","section":"Shading Mode"},"sceneLighting":true,"audioPlay":false,"sceneViewState":{"showFog":true,"showMaterialUpdate":false,"showSkybox":true,"showFlares":true,"showImageEffects":true,"showParticleSystems":true},"in2DMode":false,"pivot":{"x":5.086740016937256,"y":10.046713829040528,"z":4.185636520385742},"rotation":{"x":-0.183699369430542,"y":0.8156229257583618,"z":-0.36896276473999026,"w":-0.40616387128829958},"size":2.4452342987060549,"orthographic":false}