{"cameraMode":{"drawMode":0,"name":"Shaded","section":"Shading Mode"},"sceneLighting":true,"audioPlay":false,"sceneViewState":{"showFog":true,"showMaterialUpdate":false,"showSkybox":true,"showFlares":true,"showImageEffects":true,"showParticleSystems":true},"in2DMode":false,"pivot":{"x":0.834446907043457,"y":14.948928833007813,"z":224.5699920654297},"rotation":{"x":-0.23909324407577516,"y":-0.19020536541938783,"z":0.04781853035092354,"w":-0.9509909749031067},"size":138.10879516601563,"orthographic":false}