{"cameraMode":{"drawMode":0,"name":"Shaded","section":"Shading Mode"},"sceneLighting":true,"audioPlay":false,"sceneViewState":{"showFog":true,"showMaterialUpdate":false,"showSkybox":true,"showFlares":true,"showImageEffects":true,"showParticleSystems":true},"in2DMode":false,"pivot":{"x":68.28292846679688,"y":49.035987854003909,"z":117.56941223144531},"rotation":{"x":0.20895357429981233,"y":0.38503125309944155,"z":-0.08994892239570618,"w":0.8944301605224609},"size":315.2252197265625,"orthographic":false}