{"cameraMode":{"drawMode":0,"name":"Shaded","section":"Shading Mode"},"sceneLighting":false,"audioPlay":false,"sceneViewState":{"showFog":true,"showMaterialUpdate":false,"showSkybox":false,"showFlares":true,"showImageEffects":true,"showParticleSystems":true},"in2DMode":false,"pivot":{"x":-0.29973363876342776,"y":1.3606712818145753,"z":9.5367431640625e-7},"rotation":{"x":-0.0481787770986557,"y":0.9350872039794922,"z":-0.32218459248542788,"w":-0.13991521298885346},"size":16.32503890991211,"orthographic":false}