{"cameraMode":{"drawMode":0,"name":"Shaded","section":"Shading Mode"},"sceneLighting":true,"audioPlay":false,"sceneViewState":{"showFog":false,"showMaterialUpdate":false,"showSkybox":true,"showFlares":false,"showImageEffects":false,"showParticleSystems":false},"in2DMode":false,"pivot":{"x":0.050952911376953128,"y":-0.0680999755859375,"z":-0.053793907165527347},"rotation":{"x":-0.07067038118839264,"y":0.8504338264465332,"z":-0.11837901175022125,"w":-0.5076956748962402},"size":43.428653717041019,"orthographic":false}