{"cameraMode":{"drawMode":0,"name":"Shaded","section":"Shading Mode"},"sceneLighting":true,"audioPlay":false,"sceneViewState":{"showFog":false,"showMaterialUpdate":false,"showSkybox":true,"showFlares":false,"showImageEffects":false,"showParticleSystems":false},"in2DMode":false,"pivot":{"x":0.5882606506347656,"y":0.1443309783935547,"z":-0.7324857711791992},"rotation":{"x":0.04983608052134514,"y":0.9487068057060242,"z":-0.19212450087070466,"w":0.24608929455280305},"size":20.744897842407228,"orthographic":false}